code,title,revision_year,file_path,license
LAW-OSH-STD-RULE,산업안전보건기준에 관한 규칙,2025,data/kb/law/LAW-OSH-STD-RULE.json,저작권법 제7조 제1호(법령)
LAW-OSH-ACT,산업안전보건법,2026,data/kb/law/LAW-OSH-ACT.json,저작권법 제7조 제1호(법령)
LAW-OSH-DECREE,산업안전보건법 시행령,2026,data/kb/law/LAW-OSH-DECREE.json,저작권법 제7조 제1호(법령)
LAW-OSH-RULE,산업안전보건법 시행규칙,2026,data/kb/law/LAW-OSH-RULE.json,저작권법 제7조 제1호(법령)
NOTICE-PSM-REG,공정안전보고서의 제출·심사·확인 및 이행상태평가 등에 관한 규정,2025,data/kb/law/NOTICE-PSM-REG.json,저작권법 제7조 제2호(고시)
NOTICE-RISK-ASSESS,사업장 위험성평가에 관한 지침,2025,data/kb/law/NOTICE-RISK-ASSESS.json,저작권법 제7조 제2호(고시)
NOTICE-EXPOSURE,화학물질 및 물리적 인자의 노출기준,2020,data/kb/law/NOTICE-EXPOSURE.json,저작권법 제7조 제2호(고시)
LAW-HPGAS-RULE,고압가스 안전관리법 시행규칙,2026,data/kb/law/LAW-HPGAS-RULE.json,저작권법 제7조 제1호(법령)
LAW-LPG-RULE,액화석유가스의 안전관리 및 사업법 시행규칙,2026,data/kb/law/LAW-LPG-RULE.json,저작권법 제7조 제1호(법령)
MSDS-7664-41-7,물질안전보건자료(MSDS) 암모니아 (CAS 7664-41-7),2025,data/kb/msds/MSDS-7664-41-7.json,"공공데이터포털 이용허락범위 제한 없음(data.go.kr 15157612, 안전보건공단 물질안전보건자료 조회 서비스)"
MSDS-1333-74-0,물질안전보건자료(MSDS) 수소 (CAS 1333-74-0),2025,data/kb/msds/MSDS-1333-74-0.json,"공공데이터포털 이용허락범위 제한 없음(data.go.kr 15157612, 안전보건공단 물질안전보건자료 조회 서비스)"
MSDS-74-98-6,물질안전보건자료(MSDS) 프로페인 (CAS 74-98-6),2025,data/kb/msds/MSDS-74-98-6.json,"공공데이터포털 이용허락범위 제한 없음(data.go.kr 15157612, 안전보건공단 물질안전보건자료 조회 서비스)"
MSDS-106-97-8,물질안전보건자료(MSDS) 부탄 (CAS 106-97-8),2025,data/kb/msds/MSDS-106-97-8.json,"공공데이터포털 이용허락범위 제한 없음(data.go.kr 15157612, 안전보건공단 물질안전보건자료 조회 서비스)"
MSDS-75-28-5,물질안전보건자료(MSDS) 아이소뷰테인 (CAS 75-28-5),2025,data/kb/msds/MSDS-75-28-5.json,"공공데이터포털 이용허락범위 제한 없음(data.go.kr 15157612, 안전보건공단 물질안전보건자료 조회 서비스)"
MSDS-7782-50-5,물질안전보건자료(MSDS) 염소 (CAS 7782-50-5),2025,data/kb/msds/MSDS-7782-50-5.json,"공공데이터포털 이용허락범위 제한 없음(data.go.kr 15157612, 안전보건공단 물질안전보건자료 조회 서비스)"
MSDS-67-56-1,물질안전보건자료(MSDS) 메틸 알코올 (CAS 67-56-1),2025,data/kb/msds/MSDS-67-56-1.json,"공공데이터포털 이용허락범위 제한 없음(data.go.kr 15157612, 안전보건공단 물질안전보건자료 조회 서비스)"
MSDS-7803-62-5,물질안전보건자료(MSDS) 실레인 (CAS 7803-62-5),2025,data/kb/msds/MSDS-7803-62-5.json,"공공데이터포털 이용허락범위 제한 없음(data.go.kr 15157612, 안전보건공단 물질안전보건자료 조회 서비스)"
MSDS-7681-52-9,물질안전보건자료(MSDS) 차아염소산 나트륨 (CAS 7681-52-9),2025,data/kb/msds/MSDS-7681-52-9.json,"공공데이터포털 이용허락범위 제한 없음(data.go.kr 15157612, 안전보건공단 물질안전보건자료 조회 서비스)"
MSDS-7647-01-0,물질안전보건자료(MSDS) 염화수소 (CAS 7647-01-0),2025,data/kb/msds/MSDS-7647-01-0.json,"공공데이터포털 이용허락범위 제한 없음(data.go.kr 15157612, 안전보건공단 물질안전보건자료 조회 서비스)"
MSDS-7664-93-9,물질안전보건자료(MSDS) 황산 (CAS 7664-93-9),2025,data/kb/msds/MSDS-7664-93-9.json,"공공데이터포털 이용허락범위 제한 없음(data.go.kr 15157612, 안전보건공단 물질안전보건자료 조회 서비스)"
MSDS-7727-37-9,물질안전보건자료(MSDS) 질소(NITROGEN) (CAS 7727-37-9),2025,data/kb/msds/MSDS-7727-37-9.json,"공공데이터포털 이용허락범위 제한 없음(data.go.kr 15157612, 안전보건공단 물질안전보건자료 조회 서비스)"
MSDS-74-82-8,물질안전보건자료(MSDS) 메테인 (CAS 74-82-8),2025,data/kb/msds/MSDS-74-82-8.json,"공공데이터포털 이용허락범위 제한 없음(data.go.kr 15157612, 안전보건공단 물질안전보건자료 조회 서비스)"
MSDS-7783-06-4,물질안전보건자료(MSDS) 황화수소 (CAS 7783-06-4),2025,data/kb/msds/MSDS-7783-06-4.json,"공공데이터포털 이용허락범위 제한 없음(data.go.kr 15157612, 안전보건공단 물질안전보건자료 조회 서비스)"
MSDS-630-08-0,물질안전보건자료(MSDS) 일산화탄소 (CAS 630-08-0),2025,data/kb/msds/MSDS-630-08-0.json,"공공데이터포털 이용허락범위 제한 없음(data.go.kr 15157612, 안전보건공단 물질안전보건자료 조회 서비스)"
MSDS-74-85-1,물질안전보건자료(MSDS) 에틸렌 (CAS 74-85-1),2026,data/kb/msds/MSDS-74-85-1.json,"공공데이터포털 이용허락범위 제한 없음(data.go.kr 15157612, 안전보건공단 물질안전보건자료 조회 서비스)"
MSDS-71-43-2,물질안전보건자료(MSDS) 벤젠 (CAS 71-43-2),2025,data/kb/msds/MSDS-71-43-2.json,"공공데이터포털 이용허락범위 제한 없음(data.go.kr 15157612, 안전보건공단 물질안전보건자료 조회 서비스)"
MSDS-108-88-3,물질안전보건자료(MSDS) 톨루엔 (CAS 108-88-3),2025,data/kb/msds/MSDS-108-88-3.json,"공공데이터포털 이용허락범위 제한 없음(data.go.kr 15157612, 안전보건공단 물질안전보건자료 조회 서비스)"
MSDS-74-86-2,물질안전보건자료(MSDS) 아세틸렌 (CAS 74-86-2),2025,data/kb/msds/MSDS-74-86-2.json,"공공데이터포털 이용허락범위 제한 없음(data.go.kr 15157612, 안전보건공단 물질안전보건자료 조회 서비스)"
MSDS-7782-44-7,물질안전보건자료(MSDS) 산소 (CAS 7782-44-7),2025,data/kb/msds/MSDS-7782-44-7.json,"공공데이터포털 이용허락범위 제한 없음(data.go.kr 15157612, 안전보건공단 물질안전보건자료 조회 서비스)"
